<?xml version="1.0" encoding="utf-8" ?>

<Defs>

<!-- General things -->
  <ThingDef Name="LFSlideBase" Abstract="True">	
    <thingClass>Building</thingClass>
    <category>Building</category>
    <altitudeLayer>FloorEmplacement</altitudeLayer>
    <passability>PassThroughOnly</passability>
    <building>
	  <ai_chillDestination>false</ai_chillDestination>
	  <isSittable>false</isSittable>
	  <isInert>true</isInert>
	  <repairable>false</repairable>
	  <expandHomeArea>false</expandHomeArea>
    </building>
    <pathCostIgnoreRepeat>true</pathCostIgnoreRepeat>
    <placingDraggableDimensions>1</placingDraggableDimensions>
	<selectable>true</selectable>
    <canOverlapZones>true</canOverlapZones>
    <fillPercent>0</fillPercent>
    <rotatable>false</rotatable>
    <neverMultiSelect>false</neverMultiSelect>
    <constructEffect>ConstructDirt</constructEffect>
    <isAutoAttackableMapObject>False</isAutoAttackableMapObject>
	<designationCategory>DesignationLandFill</designationCategory>
    <tickerType>Normal</tickerType>	
	<drawerType>MapMeshAndRealTime</drawerType>
  </ThingDef>
 
<!-- New individual slides -->
  <ThingDef ParentName="LFSlideBase">		
    <defName>SlideMud</defName>
    <label>sliding mud</label>
    <thingClass>Building</thingClass>
    <description>A lot of mud dropped rapdly on the ground makes the colonists walk much faster but deteriorates quickly.\n\n•Don't support builds.\n•Set on diggable soils.\n•Very fast, dirty, ugly.\n•Deteriorate in 5 days.</description>
    <researchPrerequisites><li>ResearchBasicSlide</li></researchPrerequisites>
    <graphicData>
      <texPath>Terrain/Linked/LandFill_SlideMud_Atlas</texPath>
      <graphicClass>Graphic_Single</graphicClass>
      <linkType>Basic</linkType>
      <linkFlags>
        <li>Custom9</li>
      </linkFlags>
    </graphicData>
    <uiIconPath>Terrain/Linked/LandFill_SlideMud_MenuIcon</uiIconPath>
    <statBases>
      <MaxHitPoints>60</MaxHitPoints>
      <Beauty>-4</Beauty>
      <Cleanliness>-3</Cleanliness>
      <WorkToBuild>400</WorkToBuild>
    </statBases>
    <pathCost>-10</pathCost> <!-- Don't exaggerate on negative value, cause bugs !-->
    <terrainAffordanceNeeded>Diggable</terrainAffordanceNeeded>
    <leaveResourcesWhenKilled>false</leaveResourcesWhenKilled>
    <resourcesFractionWhenDeconstructed>0</resourcesFractionWhenDeconstructed>
    <comps>
      <li Class="CompProperties_Lifespan">
        <lifespanTicks>300000</lifespanTicks> <!-- 1 day = 60.000 ticks !-->
      </li>
    </comps>	
  </ThingDef>
  
   <ThingDef ParentName="LFSlideBase">		
    <defName>SlideIce</defName>
    <label>sliding ice</label>
    <thingClass>Building</thingClass>
    <description>A lot of ice dropped rapdly on the ground makes the colonists walk much faster but deteriorates quickly.\n\n•Don't support builds.\n•Set on diggable soils.\n•Very fast, neutral beauty.\n•Deteriorate in 2 days.</description>
    <researchPrerequisites><li>ResearchBasicSlide</li></researchPrerequisites>
    <graphicData>
      <texPath>Terrain/Linked/LandFill_SlideIce_Atlas</texPath>
      <graphicClass>Graphic_Single</graphicClass>
      <linkType>Basic</linkType>
      <linkFlags>
        <li>Custom9</li>
      </linkFlags>
    </graphicData>
    <uiIconPath>Terrain/Linked/LandFill_SlideIce_MenuIcon</uiIconPath>
    <statBases>
      <MaxHitPoints>60</MaxHitPoints>
      <Beauty>0</Beauty>
      <Cleanliness>-3</Cleanliness>
      <WorkToBuild>200</WorkToBuild>
    </statBases>
    <pathCost>-10</pathCost> <!-- Don't exaggerate on negative value, cause bugs !-->
    <terrainAffordanceNeeded>Diggable</terrainAffordanceNeeded>
    <leaveResourcesWhenKilled>false</leaveResourcesWhenKilled>
    <resourcesFractionWhenDeconstructed>0</resourcesFractionWhenDeconstructed>
    <comps>
      <li Class="CompProperties_Lifespan">
        <lifespanTicks>120000</lifespanTicks> <!-- 1 day = 60.000 ticks !-->
      </li>
    </comps>	
  </ThingDef>
  
    <ThingDef ParentName="LFSlideBase">		
    <defName>SlideAutomated</defName>
    <label>automated slide</label>
    <thingClass>Building</thingClass>
    <description>A mechanical treademill on floor built from gears and bearings to walk really faster.\n\n•Don't support builds.\n•Set on smoothed floors.\n•Very fast, neutral beautiful.\n•Don't need energy.\n•Deteriorate in 1 year.</description>
    <researchPrerequisites><li>ResearchAdvancedSlide</li></researchPrerequisites>
    <graphicData>
      <texPath>Terrain/Linked/LandFill_SlideAutomated_Atlas</texPath>
      <graphicClass>Graphic_Single</graphicClass>
      <linkType>Basic</linkType>
      <linkFlags>
        <li>Custom9</li>
      </linkFlags>
    </graphicData>
    <uiIconPath>Terrain/Linked/LandFill_SlideAutomated_MenuIcon</uiIconPath>
    <costList>
      <Component>1</Component>
	  <Steel>21</Steel>
    </costList>
    <statBases>
      <Beauty>0</Beauty>
      <WorkToBuild>600</WorkToBuild>
      <MaxHitPoints>300</MaxHitPoints>
    </statBases>
    <pathCost>-11</pathCost> <!-- (PoweredBridgePath) - (FoundationLightPath) = (SlideAutomatedPath) !-->
    <terrainAffordanceNeeded>SmoothHard</terrainAffordanceNeeded>
    <leaveResourcesWhenKilled>false</leaveResourcesWhenKilled>
    <resourcesFractionWhenDeconstructed>0</resourcesFractionWhenDeconstructed>
    <comps>
      <li Class="CompProperties_Lifespan">
        <lifespanTicks>3600000</lifespanTicks> <!-- 1 day = 60.000 ticks !-->
      </li>
    </comps>	
  </ThingDef>

</Defs>