﻿<?xml version="1.0" encoding="utf-8" ?>
<Patch> 
  
<!-- Setup passability !-->
  <!-- Deep water !-->
  <Operation Class="PatchOperationReplace">
    <xpath>*/TerrainDef[defName = "WaterDeep"]/passability</xpath>
	<value><passability>PassThroughOnly</passability></value>
  </Operation>
  <Operation Class="PatchOperationReplace">
    <xpath>*/TerrainDef[defName = "WaterDeep"]/pathCost</xpath>
	<value><pathCost>13000</pathCost></value>
  </Operation>
	  
  <Operation Class="PatchOperationReplace">
    <xpath>*/TerrainDef[defName = "WaterOceanDeep"]/passability</xpath>
    <value><passability>PassThroughOnly</passability></value>
  </Operation>
  <Operation Class="PatchOperationReplace">
    <xpath>*/TerrainDef[defName = "WaterOceanDeep"]/pathCost</xpath>
	<value><pathCost>13000</pathCost></value>
  </Operation>
	  
  <Operation Class="PatchOperationReplace">
    <xpath>*/TerrainDef[defName = "WaterMovingDeep"]/passability</xpath>
	<value><passability>PassThroughOnly</passability></value>
  </Operation>
  <Operation Class="PatchOperationReplace">
    <xpath>*/TerrainDef[defName = "WaterMovingDeep"]/pathCost</xpath>
    <value><pathCost>13000</pathCost></value>
  </Operation>
  
  <!-- Shallow water !--> 
  <Operation Class="PatchOperationSequence">
  <success>Always</success>
    <operations><li Class="PatchOperationReplace">
      <xpath>*/TerrainDef[defName = "WaterShallow"]/pathCost</xpath>
	  <value><pathCost>15</pathCost></value></li>
    </operations>
  </Operation>

  <Operation Class="PatchOperationSequence">
  <success>Always</success>
    <operations><li Class="PatchOperationReplace">
      <xpath>*/TerrainDef[defName = "WaterOceanShallow"]/pathCost</xpath>
	  <value><pathCost>15</pathCost></value></li>
    </operations>
  </Operation>
  
  <Operation Class="PatchOperationSequence">
  <success>Always</success>
    <operations><li Class="PatchOperationReplace">
      <xpath>*/TerrainDef[defName = "WaterMovingShallow"]/pathCost</xpath>
	  <value><pathCost>15</pathCost></value></li>
    </operations>
  </Operation>
  
<!-- Mud & Marsh !-->  
  <Operation Class="PatchOperationSequence">
  <success>Always</success>
    <operations><li Class="PatchOperationReplace">
      <xpath>*/TerrainDef[defName = "Mud"]/pathCost</xpath>
	  <value><pathCost>15</pathCost></value></li>
    </operations>
  </Operation>	
  
  <Operation Class="PatchOperationSequence">
  <success>Always</success>
    <operations><li Class="PatchOperationReplace">
      <xpath>*/TerrainDef[defName = "Marsh"]/pathCost</xpath>
	  <value><pathCost>15</pathCost></value></li>
    </operations>
  </Operation>		
	
</Patch>